{"totalHolders":[9],"totalSupply":[646.88],"0xd3659d4fafb30211b8d35cfde76641a152ad0085":[459.47107042],"0xdc5928f14ca3288b8a93be4efafe1d58d9ac413f":[109.39195399],"0xb30ca7383dbd1ac31459e8e1de3bcb022a1db001":[37.77645205],"0xb019b2be079d0b032228c71665a2c3c4b130c26a":[17.37647597],"0xd8427b8b7abbd80447a0f14a4ea102946f4a1e12":[10],"0x74e0c5a2c2c35c45c7c8b275af02dd1d17002eff":[7.73875282],"0x4fd490e13d76d6d4b5a98f68b3e27c4adb69e285":[2.31828928],"0x2715b5dfc55be999b23e87a11a193b703e917330":[1.81104536],"0x6188c0f800aae4aea3f6d1e49580e0689f8b0f8d":[1]}